,size_map,mode,seed,ROC,PRC,F1,ACC,MCC
0,large,CAF,42.0,0.5389990861688976,0.32406310684501527,0.4132553606237816,0.5520833333333334,0.09012254173541817
1,large,CD8,42.0,0.5889480191366984,0.3632632502372338,0.435483870967742,0.5833333333333334,0.13619904312176717
2,large,CIS,42.0,0.5743052195882384,0.35059490436570595,0.43737574552683894,0.5788690476190477,0.1357252608505781
3,large,CKS,42.0,0.5877546632263613,0.3768935243619328,0.4431818181818182,0.5625,0.1335897885498325
4,large,CTL,42.0,0.5892920496694082,0.3635668863727669,0.44752475247524753,0.5848214285714286,0.1515750176725071
5,large,CTLA4,42.0,0.4995323334945977,0.2777489258493556,0.42372881355932207,0.49404761904761907,0.06913998554337722
6,large,FFT,24.0,0.5896038273396764,0.3851235721976757,0.4190871369294606,0.5833333333333334,0.11745041220073502
7,large,FFT,42.0,0.5896038273396764,0.3851235721976757,0.4190871369294606,0.5833333333333334,0.11745041220073502
8,large,FFT,64.0,0.5739074342847929,0.3693049419514428,0.3640776699029126,0.6101190476190477,0.0843660981333111
9,large,GEP,42.0,0.6134279417298285,0.4112727905509817,0.4629294755877035,0.5580357142857143,0.1584867654546493
10,large,GeneBio,42.0,0.5743589743589743,0.3730174837569942,0.4275362318840579,0.5297619047619048,0.09465734957560494
11,large,ICA,42.0,0.5834542815674891,0.3630855483594696,0.4470588235294118,0.5803571428571429,0.14845393436694657
12,large,IFNG,42.0,0.49948932967800896,0.29564372780189,0.39938556067588327,0.4181547619047619,-0.016298168603720763
13,large,IMPRES,42.0,0.5394990055367415,0.30301721180363705,0.4479495268138801,0.4791666666666667,0.10066547431714565
14,large,IS,42.0,0.5695317959468903,0.35590907910518255,0.430188679245283,0.5505952380952381,0.11010593747624114
15,large,LFT,24.0,0.721700800946084,0.5649112850156824,0.5053763440860215,0.7261904761904762,0.3173981360090244
16,large,LFT,42.0,0.7222598505617374,0.5974300998150995,0.5106382978723404,0.7261904761904762,0.3213505827809434
17,large,LFT,64.0,0.7111971187442885,0.5761836670839428,0.5208747514910537,0.6413690476190477,0.2739182537166212
18,large,MIAS,42.0,0.5370424125141107,0.3414247546580747,0.4188626907073509,0.37648809523809523,-0.012991417655528135
19,large,NFT,42.0,0.5790248884588507,0.33501084457246444,0.3811563169164882,0.5699404761904762,0.0672774321850486
20,large,NRS,42.0,0.49284524001505137,0.31422909272795363,0.3582089552238807,0.4880952380952381,-0.01935330017175844
21,large,NetBio,42.0,0.6245229264097188,0.3691044185973335,0.4309133489461358,0.6383928571428571,0.17019330156073642
22,large,PD1,42.0,0.5624039133473095,0.37982011299136487,0.4089775561097257,0.6473214285714286,0.1580422060721991
23,large,PDL1,42.0,0.5425899048540558,0.3136872994420017,0.4197080291970803,0.5267857142857143,0.08251643648671307
24,large,PFT,24.0,0.7125409880126861,0.5538473961640187,0.4804469273743016,0.7232142857142857,0.2960472758008197
25,large,PFT,42.0,0.719496855345912,0.5844784045230689,0.5219780219780219,0.7410714285714286,0.3473311750904128
26,large,PFT,64.0,0.7206472074396604,0.5800639688916386,0.539906103286385,0.7083333333333334,0.3311508656555466
27,large,PGM,42.0,0.5829274848142773,0.37677282876843454,0.4300202839756592,0.5818452380952381,0.12887824251824076
28,large,TAM,42.0,0.5419233456969306,0.33508366371173215,0.39263803680981596,0.5580357142857143,0.07063978039946213
29,large,TIDE,42.0,0.5221738429285598,0.311957225168235,0.37623762376237624,0.53125,0.033180893058878926
30,large,Teff,42.0,0.6036123205934527,0.38178291976909684,0.43737574552683894,0.5788690476190477,0.1357252608505781
31,large,Texh,42.0,0.5423963876794066,0.3211510110973329,0.3929273084479371,0.5401785714285714,0.058383684423315825
32,medium,CAF,42.0,0.5414324646567876,0.3591452212168483,0.4014336917562724,0.4954682779456193,0.01611951401732752
33,medium,CD8,42.0,0.6505918923522397,0.4582299373999431,0.5182186234817814,0.6404833836858006,0.2525936358700004
34,medium,CIS,42.0,0.6470362800204393,0.45752540329002056,0.5161290322580645,0.6374622356495468,0.24830417141002722
35,medium,CKS,42.0,0.6688383580309999,0.43243445244315,0.5263157894736842,0.6465256797583081,0.26575618207166446
36,medium,CTL,42.0,0.6583631408618633,0.4672798748980624,0.5081967213114754,0.6374622356495468,0.2391698709972595
37,medium,CTLA4,42.0,0.5027465508431272,0.30780952970311204,0.34977578475336324,0.5619335347432024,0.022514093114448405
38,medium,FFT,24.0,0.675779253960143,0.4792780417484387,0.48979591836734687,0.622356495468278,0.20848394109588814
39,medium,FFT,42.0,0.675779253960143,0.4792780417484387,0.48979591836734687,0.622356495468278,0.20848394109588814
40,medium,FFT,64.0,0.7000085164367229,0.5382339189922416,0.5,0.6918429003021148,0.27735136199650146
41,medium,GEP,42.0,0.7053312893885197,0.5226322804195143,0.5351170568561873,0.5800604229607251,0.25241069821756484
42,medium,GeneBio,42.0,0.6466743314597172,0.4597646046847077,0.50199203187251,0.622356495468278,0.22240420878618292
43,medium,ICA,42.0,0.6478027593254982,0.4744795582340361,0.4939271255060728,0.622356495468278,0.2131059972650082
44,medium,IFNG,42.0,0.5456906830182251,0.3511895754087835,0.41134751773049644,0.4984894259818731,0.03010580965451225
45,medium,IMPRES,42.0,0.630791176971555,0.4310820239676292,0.44354838709677413,0.5830815709969789,0.12993353184682174
46,medium,IS,42.0,0.6589592914324645,0.47731901999420534,0.5328185328185329,0.6344410876132931,0.26741480918822313
47,medium,LFT,24.0,0.8082950093680804,0.6442785359811185,0.6359447004608295,0.7613293051359517,0.4604020594085465
48,medium,LFT,42.0,0.7626469085334696,0.5663274636432741,0.5671641791044776,0.7371601208459214,0.37885331799152944
49,medium,LFT,64.0,0.7850451371146313,0.6537126962015518,0.6226415094339623,0.7583081570996979,0.44545911381161957
50,medium,MIAS,42.0,0.6756940895929143,0.4586034892414075,0.527027027027027,0.5770392749244713,0.23747018562282068
51,medium,NFT,42.0,0.5898484074263328,0.3383305183066503,0.5,0.5468277945619335,0.18210000917411828
52,medium,NRS,42.0,0.3874127065235905,0.2566974454537422,0.3014705882352941,0.4259818731117825,-0.15128354861136004
53,medium,NetBio,42.0,0.678249020609777,0.42099847414791625,0.5116279069767441,0.6193353474320241,0.23235015180368415
54,medium,PD1,42.0,0.545669391926418,0.3540337945392205,0.3852459016393443,0.5468277945619335,0.04122381173715058
55,medium,PDL1,42.0,0.6317066939192642,0.45132163317189494,0.49166666666666664,0.6314199395770392,0.21686617334289687
56,medium,PFT,24.0,0.7976920456481009,0.5958539125608799,0.6413502109704642,0.743202416918429,0.4560131239882971
57,medium,PFT,42.0,0.7754641458013967,0.5716040878993216,0.6118721461187215,0.743202416918429,0.4226675614111161
58,medium,PFT,64.0,0.7781468233691025,0.6312451123436309,0.6168224299065421,0.7522658610271903,0.4348275001611158
59,medium,PGM,42.0,0.7058848577755067,0.5295133236569971,0.5468164794007491,0.6344410876132931,0.2867001691617526
60,medium,TAM,42.0,0.5177141883835803,0.34876908995432,0.38554216867469876,0.5377643504531722,0.033749752922641874
61,medium,TIDE,42.0,0.5943195367058423,0.41728301659972045,0.46473029045643155,0.6102719033232629,0.17281463920892928
62,medium,Teff,42.0,0.6824220746039857,0.4728889929992756,0.5387755102040817,0.6586102719033232,0.28759152745745364
63,medium,Texh,42.0,0.43565832055867826,0.30445356150570346,0.33070866141732286,0.486404833836858,-0.06534860351073972
64,small,CAF,42.0,0.5576727642276423,0.38774041918860314,0.4324324324324324,0.5153846153846153,0.023552445747631615
65,small,CD8,42.0,0.4872967479674797,0.37437053321387537,0.4271844660194175,0.5461538461538461,0.054598807773596145
66,small,CIS,42.0,0.5170223577235773,0.3941450713024561,0.419047619047619,0.5307692307692308,0.030640460097899495
67,small,CKS,42.0,0.4626524390243903,0.3585626902028887,0.39285714285714285,0.47692307692307695,-0.051993177698842895
68,small,CTL,42.0,0.5035569105691058,0.39448922329722813,0.4230769230769231,0.5384615384615384,0.042588370997927935
69,small,CTLA4,42.0,0.46392276422764234,0.33493432765409525,0.34408602150537637,0.5307692307692308,-0.020618008881523663
70,small,FFT,24.0,0.5431910569105691,0.37300163913148343,0.2933333333333333,0.5923076923076923,0.04050202701973312
71,small,FFT,42.0,0.5431910569105691,0.37300163913148343,0.2933333333333333,0.5923076923076923,0.04050202701973312
72,small,FFT,64.0,0.4974593495934959,0.3672670352139523,0.3013698630136986,0.6076923076923076,0.07155428349071175
73,small,GEP,42.0,0.48170731707317066,0.3436591587233491,0.4748201438848921,0.43846153846153846,-0.020869596778242055
74,small,GeneBio,42.0,0.45858739837398377,0.3353001617574318,0.33333333333333337,0.47692307692307695,-0.0950456274339608
75,small,ICA,42.0,0.506859756097561,0.3904079512864632,0.4504504504504504,0.5307692307692308,0.05544638269754943
76,small,IFNG,42.0,0.521849593495935,0.39512307104086103,0.4962406015037594,0.4846153846153846,0.054122273313999616
77,small,IMPRES,42.0,0.47764227642276424,0.3444213286398857,0.2222222222222222,0.5153846153846153,-0.11663528614518702
78,small,IS,42.0,0.5251524390243902,0.37898724645705584,0.4727272727272728,0.5538461538461539,0.09917529914658775
79,small,LFT,24.0,0.5609756097560976,0.42614490763139706,0.26086956521739124,0.6076923076923076,0.05397151056165062
80,small,LFT,42.0,0.5223577235772358,0.43066102929111805,0.3055555555555555,0.6153846153846154,0.08785342505043266
81,small,LFT,64.0,0.5518292682926829,0.42063839466066477,0.32432432432432434,0.6153846153846154,0.09563650695950074
82,small,MIAS,42.0,0.4654471544715448,0.3550602579664861,0.4857142857142857,0.4461538461538462,0.0010783177012187019
83,small,NFT,42.0,0.49695121951219506,0.3555468955246889,0.5,0.49230769230769234,0.06615666472268086
84,small,NRS,42.0,0.38389227642276424,0.31597410007892024,0.31067961165048535,0.45384615384615384,-0.13897878342369926
85,small,NetBio,42.0,0.5048272357723578,0.39526429464307933,0.4077669902912621,0.5307692307692308,0.022335875907380242
86,small,PD1,42.0,0.513084349593496,0.3841662821124335,0.45528455284552843,0.4846153846153846,0.009927055958835663
87,small,PDL1,42.0,0.5138465447154472,0.3658997188342131,0.3655913978494624,0.5461538461538461,0.01288625555095229
88,small,PFT,24.0,0.5454776422764228,0.41244917697463124,0.23880597014925375,0.6076923076923076,0.04442670815345678
89,small,PFT,42.0,0.5182926829268293,0.40109932760031786,0.3098591549295775,0.6230769230769231,0.10474522845968769
90,small,PFT,64.0,0.5309959349593496,0.4180035738833644,0.31884057971014496,0.6384615384615384,0.14059245343837384
91,small,PGM,42.0,0.5238821138211383,0.3799450351960941,0.45528455284552843,0.4846153846153846,0.009927055958835663
92,small,TAM,42.0,0.5459857723577235,0.3722463281046113,0.38383838383838387,0.5307692307692308,0.0055245448319834346
93,small,TIDE,42.0,0.5050813008130082,0.45900774597966454,0.3846153846153846,0.5076923076923077,-0.021789399115218943
94,small,Teff,42.0,0.5002540650406504,0.40207486068166887,0.4380952380952381,0.5461538461538461,0.06276352310376186
95,small,Texh,42.0,0.49822154471544716,0.3599490917115601,0.38383838383838387,0.5307692307692308,0.0055245448319834346
